sensor_id,order,train_mse,val_mse,test_mse,val_mape,test_mape,val_mae,test_mae
0,"(2, 1, 2)",0.0037505746082195485,54558.90410555002,29991.571570479762,59593815.911606416,102.94888116564893,205.45408253130532,139.1945757612905
1,"(2, 1, 2)",0.003732953328286696,39519.323696219166,26500.85514046913,168.01891845114764,91.23045816953524,175.7068776474964,124.65992841047472
2,"(2, 1, 2)",0.008348969970681373,45375.35060830414,28962.045115015768,118.67793318035065,70.47143951383664,189.27668595389207,130.87830155100482
3,"(2, 1, 2)",0.001694971768298473,56622.269325436864,28521.98657335515,462.1608627946748,31897646882.179596,211.77996056730882,136.80316071890536
4,"(2, 1, 2)",0.003734719375856294,18552.632699552014,10993.696179238545,130337241.63130389,2052112513.3834448,122.76431420157289,81.596619948874
5,"(2, 1, 2)",0.0011581597235108005,60788.42135559999,28867.034965674575,135.91109649109416,69.69420222596939,217.73495958157312,135.07658534466603
6,"(2, 1, 2)",0.002157729252190352,48233.34935192109,26486.600909796176,486.3794986553314,32641829.12918509,177.52064771576443,123.56004336435623
7,"(2, 1, 2)",0.0018572313991063534,31221.086350334837,23129.561433504998,299877419.294618,28550388.851787698,142.57677206390298,102.69648497269792
8,"(2, 1, 2)",0.0028263150494084862,23440.124864056757,15482.528794706586,197.71809149103598,125109995.6827773,138.40816068263385,98.03236050320186
9,"(2, 1, 2)",0.002412161950228946,48741.13268136769,23086.322693917802,403.51706296940773,165.43229179970882,198.76565936395872,125.3975904149606
10,"(2, 1, 2)",0.004439226123401897,87737.34943327366,47124.14261073973,94831653335.02557,43170242685.82195,253.7641969415367,185.05218997570643
11,"(2, 1, 2)",0.002225648449146399,61538.058620713666,30723.7378238442,471.99373096994304,189.8979715131465,227.28495004769076,136.2021077515322
12,"(2, 1, 2)",0.005414528360842012,101848.69528519092,52361.38764038916,54689034582.347824,25184141061.264427,278.8746915820031,185.83707792778782
13,"(2, 1, 2)",0.002659935261743568,21220.062415476008,10104.096677714067,285.7995257695668,152.48756890500914,128.19640081335356,84.88577549182963
14,"(2, 1, 2)",0.0017265382314481494,36778.09443410759,16191.933218287266,37442374.73167503,56559591.654780336,161.60053599156177,105.37592962891323
15,"(2, 1, 2)",0.0023627517756340745,65501.65692342172,40615.0008925282,245.45040503962858,116.09434907868066,234.4422489529104,158.19802808340728
16,"(2, 1, 2)",0.0023371035611884044,82639.43724090698,39453.034542137815,202.35210039673893,157199712.47783133,256.7692025282556,159.0390230269628
17,"(2, 1, 2)",0.00310576085019263,65125.028628543565,32850.48704452892,209.35190872751068,104.31096607112708,223.40471732733593,147.39318183323553
18,"(2, 1, 2)",0.0033177708484580398,101049.34752714777,42622.78672062086,69804026588.48227,17909873958.267002,274.008663191471,180.17440787858135
19,"(2, 1, 2)",0.002168340087312215,105800.68114289088,47600.47549860323,412.628887092244,201.73138322237017,284.8123527098899,178.87502785572832
20,"(2, 1, 2)",0.0029121225610981025,30885.07999628313,18049.24802615625,325.46206087121146,193.55131037659905,157.1217385857606,108.04243026851888
21,"(2, 1, 2)",0.003610218625148543,10121.368807837898,5626.831136298877,69240022.4013088,154454064.72640347,89.3880288771024,58.500574175119425
22,"(2, 1, 2)",0.003802801719362179,16864.861521371186,10746.84477620046,13187509428.497375,6193673361.307871,110.70723605784728,87.36921226564667
23,"(2, 1, 2)",0.006473963249613049,16731.706985084016,9216.0446196808,207.13972459490958,113.8913255732274,114.03112222204958,81.0579550826104
24,"(2, 1, 2)",0.0016878075382209595,57627.370182436236,25667.241591614133,446.2843497771603,38431208.72097932,215.50693232896302,133.63922685773875
25,"(2, 1, 2)",0.002022684928835595,65585.36643773384,30298.662748745493,338.3738969547133,969.6631847906833,233.7035762477354,137.96006962980087
26,"(2, 1, 2)",0.0016236857862033788,68932.75577575668,30038.951406801392,222.87753442488517,234689216.0952299,229.7651967911841,153.16733345145397
27,"(2, 1, 2)",0.002311001769137679,38106.6049166587,27077.36298653092,920399318.0107646,29570810.91684906,169.53024385017693,129.57489281736895
28,"(2, 1, 2)",0.007830402107959902,38455.77369193822,19160.068421315464,117.78388611887374,261845192.82712227,166.94853013034097,118.22009614052952
29,"(2, 1, 2)",0.002775077098327706,28775.034592673965,15507.219276827382,130.98202166273666,77.49232127508633,146.39679792062964,103.41102411529481
30,"(2, 1, 2)",0.008577536069803032,38259.80121124046,20940.733684498577,84876850.88173456,1856597243.0126877,170.73574093502634,117.00593673711853
31,"(2, 1, 2)",0.002330825261667276,40647.39240118228,26376.629108005724,103004105591.26514,37899057930.288734,176.0586044539477,122.25991319586558
32,"(2, 1, 2)",0.004342070757392643,98708.06553158788,45085.44444435194,258.6079496999878,132.35888101740457,272.76389315183275,180.77343061601582
33,"(2, 1, 2)",0.003825081112066,48065.356477040434,20259.412200313473,361.3685539815467,152.03865613472965,195.8562065061061,121.79125020140802
34,"(2, 1, 2)",0.0024070524671360297,43459.89000086042,24436.992336525323,357432794.5224846,159557802.45429465,192.98086230705107,121.96301059308219
35,"(2, 1, 2)",0.0018417989564483443,95341.62880826028,56264.246364578255,496.82330497369264,229.0500806486659,277.4217909904184,186.13880580605218
36,"(2, 1, 2)",0.0019385368939350616,96093.55816736621,42459.90231829334,4878235.317635688,81229272.87718493,275.8610404792923,171.45950412888135
37,"(2, 1, 2)",0.002005419782568619,77808.20680332021,42578.95208605135,315.01832983009973,1322354093.1489604,250.56342092732703,160.56784859239332
38,"(2, 1, 2)",0.0027213212953766455,48136.51551897537,27048.421999365903,356668577.80045503,217.52382190442273,197.4442378753946,129.50991403636849
39,"(2, 1, 2)",0.003788914661125162,21564.29749582187,28427.963544964718,191.3251119849857,449286790.0223786,126.96344926494648,133.3770690091069
40,"(2, 1, 2)",0.0026535119941665094,70866.80093054782,33231.33115363238,295.45699695605936,141.60045241739837,238.87691071953472,145.68800980643576
41,"(2, 1, 2)",0.0025123291891832812,115530.5910780922,46510.83270227061,109.85503587980045,51.02986000411358,300.2165163486348,169.0909844653272
42,"(2, 1, 2)",0.0028125932305976234,74223.27589380542,37421.82309574137,156.88749976831826,170564764.91870585,236.72486881999137,155.58136721745421
43,"(2, 1, 2)",0.003775453712154204,93705.56511376657,44851.02245057557,211826339.8449353,1985273323.2797987,268.61064294513227,178.7054080081367
44,"(2, 1, 2)",0.0036424505804318118,8909.536536577383,6219.4145382303095,193.2381404807882,166017091.95028105,81.9071786540625,58.16046678541731
45,"(2, 1, 2)",0.0032436710179279157,81220.67206636375,39186.78052724979,134.7360953581456,71.51936689493579,254.5457524026017,157.0194566633194
46,"(2, 1, 2)",0.003262646280630944,15645.569201366721,8829.100792767218,2917750475.2427735,527528887.8690508,110.61355137783217,74.50208674676493
47,"(2, 1, 2)",0.0014944146383849479,40171.276895523195,22434.150791956683,132495542.7643555,124542128.88356969,179.9254374843267,112.43580455729321
48,"(2, 1, 2)",0.0018481811552937726,77075.62976793275,44977.64996420274,239.7984048939285,117.96748670417747,254.53015933175263,162.8780429079822
49,"(2, 1, 2)",0.002157513697007522,13452.676444298813,8133.9822807849405,137.22411226945854,63.44380257864195,100.33664982433845,74.09962537381767
50,"(2, 1, 2)",0.003132275723083122,27574.264167807243,14668.609716215557,333.30770085692853,167.10827856512654,146.64577462620724,99.21524963240198
51,"(2, 1, 2)",0.002015192275299908,74766.39087670187,37008.220838833564,185.6166528244211,125393499.8535834,237.63132237451472,159.55958787845523
52,"(2, 1, 2)",0.0037947778208594317,40127.722416782046,26299.615071819288,140.49942448868651,84.68809892798508,178.83641790817063,125.36981309218524
53,"(2, 1, 2)",0.00268028425829189,49634.87528035518,25830.188402797678,102.40911778055846,59.64769335224317,198.64206678526378,127.49855970662954
54,"(2, 1, 2)",0.001600108886709139,49651.29807849509,21474.193656226435,122923490.1740556,174736338.6041744,195.92189935094373,123.09113094214443
55,"(2, 1, 2)",0.007875955821486019,45162.15146137044,23650.975183030023,137.13796350710194,111546292.18585773,183.72919785229846,132.6522560876405
56,"(2, 1, 2)",0.002085200218415999,87534.7571874798,47526.387461231694,239.93892717172426,141.2744426687732,260.1305056778819,182.6494563546312
57,"(2, 1, 2)",0.009014194661958139,109757.25149022284,66145.05740827721,120.4216647190548,33433920034.79325,286.21194943179785,211.01170941944997
58,"(2, 1, 2)",0.002363601631179808,125180.67804459426,72540.16866849388,119.99906753605876,67.42605909232255,310.9597162969583,212.38997570490025
59,"(2, 1, 2)",0.0014937884856157436,85614.31926661979,34697.847997857556,310638831.3273848,356061667.361396,263.93442446485034,159.2032630703934
60,"(2, 1, 2)",0.003838869188218224,4081.5303842090902,2067.6182099309535,4577412584.342518,751761572.8048304,58.14235684000859,35.77576646218265
61,"(2, 1, 2)",0.0023896690609570086,92328.73226251507,44696.406407027665,245.03541057904906,125.40896328459705,268.4753795018534,167.03386381450383
62,"(2, 1, 2)",0.003046430625255855,18217.353966888797,9347.557441717197,242.6073763695699,114.25924076649794,121.27403235315515,77.33542311403977
63,"(2, 1, 2)",0.002319889693630187,78464.37869732044,41689.78848211984,241.66537640210746,122.51309080618795,251.83457252532952,159.3837877028541
64,"(2, 1, 2)",0.0050553854409741816,47683.68700630728,23499.17785657732,630717619.1976472,1730364801.8396707,194.0608875671232,131.25164192132408
65,"(2, 1, 2)",0.0025044547437682273,64382.36546800319,34870.00519856677,1714194078.551137,266.8645758928919,233.27470879011074,148.4938743260284
66,"(2, 1, 2)",0.0017959412452447643,59937.490333625945,27284.362191846605,540.6476603639926,82515702.0499837,217.58065221179072,140.33079265664884
67,"(2, 1, 2)",0.002761866022361232,55744.40109382506,28834.019260128665,123.93103447396734,75.68148953057184,202.5912300327322,136.9768076059173
68,"(2, 1, 2)",0.006092254237367994,3601.803247945948,2204.2595958051334,91.74303185815741,64.39457705368096,51.25022324744985,37.816963791740555
69,"(2, 1, 2)",0.0030881939761181676,91701.8442101589,53890.99379146578,138.61866028146815,92.8717429229388,258.1143504821039,180.97617333021932
70,"(2, 1, 2)",0.004448529406798363,21144.149869268866,9772.24623235503,141641329276.11966,44673476583.465195,131.87984169163724,75.62259138824486
71,"(2, 1, 2)",0.0022879012435158053,98756.38272709442,49639.79018490335,326.90166130269824,147.8265163253757,278.757523146329,177.77032037735214
72,"(2, 1, 2)",0.0033098074048951336,56649.16918408652,29259.350494385457,137.81707086971184,90.9112575301364,205.59482627489248,138.8825207483014
73,"(2, 1, 2)",0.0018340518843078953,75885.10360110659,37358.75815040012,380.9701944935487,186.59749724003967,252.31416825613255,151.12043287551813
74,"(2, 1, 2)",0.004647041527304405,17843.22235116924,11120.253219106937,109443000084.71298,43380669085.7705,119.17048308289499,83.90633974807093
75,"(2, 1, 2)",0.002977021538358703,103210.87097449954,64052.97943282411,249.67032339806025,128.598066604899,292.39994874089746,195.86890611192072
76,"(2, 1, 2)",0.0014753158830514144,105434.34859409127,51551.86523071513,449.3808337833302,95812957.5390167,288.90260536333807,193.93545521220153
77,"(2, 1, 2)",0.0023217457454499757,49575.418147450655,31104.847977455083,118.18672347372328,68.83580416012882,201.84021319482892,137.48107188797655
78,"(2, 1, 2)",0.00204347944934088,131941.6106101386,59819.55411805941,378.5352415092378,186.41767575270686,321.13050984860007,206.04803696632322
79,"(2, 1, 2)",0.007770795082613755,75209.61465500444,41750.24161000578,145.58187745458414,102.97356454108835,241.2578495363618,161.99157434914895
80,"(2, 1, 2)",0.0037097350148513094,53895.150220432886,26884.057962735966,125.46242726861693,78.8647263856827,199.49438785527695,138.36453322536659
81,"(2, 1, 2)",0.0038829211916990626,70624.10299576701,39330.19020927779,222.44649618314716,122.25619937555383,240.8912180819185,153.45098667738412
82,"(2, 1, 2)",0.0026804622163936215,71056.86210748184,55766.32406433939,83.43783080861554,82.88842107532967,232.1713495910471,190.6228075212889
83,"(2, 1, 2)",0.0027852963784182182,14107.882412858351,9199.17214975362,94942468.78566557,306746712.23962206,103.63116570675137,71.60359194728619
84,"(2, 1, 2)",0.0025658099691212815,78994.12912031323,40364.49205725668,291.09477112594897,119.78566804502728,253.9019141606302,157.0797971240302
85,"(2, 1, 2)",0.0021376937149812573,66806.19635093324,36935.68292586627,208.9589377076957,137.58932476434532,219.46207299003535,160.2531673625376
86,"(2, 1, 2)",0.002476136086832053,8462.946550794915,4427.106443654386,357136032.49395293,382369712.16674954,82.74288401313511,51.90857177983791
87,"(2, 1, 2)",0.0028398531414137946,8281.830307762688,5821.530476788014,95.4376802388476,54.54559601787553,76.04677961388735,58.62893219087618
88,"(2, 1, 2)",0.007412893672457206,78613.61817455731,42755.545201571374,303.6599820478633,160.70646264386042,241.44750975835402,171.56635681493776
89,"(2, 1, 2)",0.003705679293646743,14687.379375191442,6809.597534550888,710712451.1995319,248259053.55611748,107.75279766531116,71.8421993357329
90,"(2, 1, 2)",0.005014942719288651,56163.25970442983,35068.648785880294,155.807373023775,91.34428250232509,213.10960183653432,141.9493058682294
91,"(2, 1, 2)",0.006743926672123255,84188.20172836138,49539.95778669159,54285575.80399954,106.49373872561702,259.2550660479035,177.29747588093116
92,"(2, 1, 2)",0.002437135604495639,104972.93214165933,56386.98168011116,23881702930.111412,95.53076587620842,289.1059786947862,185.56310619217396
93,"(2, 1, 2)",0.003729247306808906,21693.91731235662,13421.105040440487,232.39577074500346,104.14968957943873,130.69564573089096,93.18206810519402
94,"(2, 1, 2)",0.0021909493241691414,95577.3629190171,46894.67293446381,310.4778215358214,242356699.70039818,276.2829704000137,178.49747050825982
95,"(2, 1, 2)",0.00464512224249281,98319.18084077613,51957.02158094067,191.50136929795823,113.19907788515609,275.7365972260879,188.37833850181923
96,"(2, 1, 2)",0.00993113387452465,54886.07743371596,32516.47761820684,124.39416822982996,87.49944443978382,201.4447638799383,150.8155786237635
97,"(2, 1, 2)",0.003536870900284308,160396.7487513375,76877.1698720758,150.40121721683215,96.89368455042502,348.9499016103948,237.75531154576473
98,"(2, 1, 2)",0.003386584119092674,16838.41899353615,8827.348053570959,752.2506261743359,327.6477060951285,115.82625129469531,71.60313340518323
99,"(2, 1, 2)",0.005335695386680487,29620.317036852495,20033.79656509074,81.44582614075992,60.19359763577739,149.54510471813106,110.62933691603912
100,"(2, 1, 2)",0.003044841359193517,75334.50882412547,39414.5981472766,10751726231.372671,5514388593.0408,232.00796466842087,174.42927849888173
101,"(2, 1, 2)",0.002177618022663857,121564.50385477449,68281.40341255236,166.45903588236715,75.11352668587298,311.2453139462834,207.93008835669013
102,"(2, 1, 2)",0.002686847709916123,41095.84742079559,24008.249448201106,309.1185194229587,143.77088755956228,183.7269693144553,124.43101548486705
103,"(2, 1, 2)",0.003219651919933431,46814.52118084279,29885.287582170502,238.481256486535,131.48118023444383,187.83157565165828,139.84034174821298
104,"(2, 1, 2)",0.0024370240784412096,23606.869553020464,12176.30290049867,380.9068548255266,177.00750049227258,138.2120660664659,90.99436788327108
105,"(2, 1, 2)",0.004603461423376748,32251.753857784286,14623.134369802527,300435276.5895979,79292747.72308536,160.57562014053616,101.09635262728978
106,"(2, 1, 2)",0.009678663375280784,81555.5494145241,42753.95376438995,28681763111.585026,3336350511.056763,244.54019224177193,170.17618925431157
107,"(2, 1, 2)",0.008260761842202112,5452.611743172907,2624.5662639591856,263.3839966308572,1378205169.783411,65.73372136547725,43.01379774565316
108,"(2, 1, 2)",0.0017501446750490886,204851.71355884598,98854.92818177612,320.5301353333375,139.91994697462252,405.88293129219943,248.7494084200536
109,"(2, 1, 2)",0.002109445566137597,105210.93091793428,65326.09673654743,216.57636232157188,106.8079792344722,290.7781261823371,200.79719176980208
110,"(2, 1, 2)",0.0018446886181799167,136046.12974168063,65043.08778219492,271.5355433659357,122.18876886858638,329.90858048048653,219.78249909511806
111,"(2, 1, 2)",0.0021936282562204303,152447.2392235814,66040.96530942929,254.48958132613893,136.4140057596933,346.34270259415746,225.92379850218893
112,"(2, 1, 2)",0.00339974406745378,13682.766074698293,6172.6148927798395,268.7456876943831,27329089.62101238,103.75754416400139,66.15866511540807
113,"(2, 1, 2)",0.0045798570614004885,6460.942550060294,4621.271183382408,82.64881044474146,73.606027037709,65.66421228658733,51.0908363209295
114,"(2, 1, 2)",0.0020499292468958608,51874.24093978217,33206.24023689713,200.72610602373805,2107203225.5252256,207.094343613828,140.693768590586
115,"(2, 1, 2)",0.0011685576862061284,44291.65029602501,32753.437286141805,403303482.3988155,188057643.53190184,180.65446906357275,136.837723459033
116,"(2, 1, 2)",0.0016087210090172351,42426.61288058365,23588.079035921233,1601814390.9735434,270708948.5541723,177.99467233868887,123.19139232327466
117,"(2, 1, 2)",0.005429234174128618,53264.73656105781,35225.52974643364,51134899.07739332,127.5890470081104,198.2636341228003,157.20307757034232
118,"(2, 1, 2)",0.006867701771063254,73487.60171671893,42788.35635959507,76120145162.8135,31081806675.1454,232.03375162109737,175.7950693702709
119,"(2, 1, 2)",0.0036657709365391514,147065.51578042711,72293.02671801785,236.87669568362492,120.4300203219602,346.06178104561553,211.33288538877332
120,"(2, 1, 2)",0.002401178228150719,132994.340596801,63586.12462179358,181.27308470498627,95.43194770072286,319.192682403935,202.4803264175322
121,"(2, 1, 2)",0.002223734347706158,106100.70308236222,48704.53851517185,258.9747760825262,121.75117728960556,290.01810563330343,190.40198373470574
122,"(2, 1, 2)",0.002860154279536743,103751.42107711275,47641.83271949,338.00933895690434,192.5677625903653,282.8098687378125,177.87880489403273
123,"(2, 1, 2)",0.0024659115766660885,103262.8043419114,57444.790785086916,343.79670743684744,150.90287601322015,287.3552143277947,190.9443510685945
124,"(2, 1, 2)",0.0028915011356104477,55800.644707405765,32732.613122215706,160.80057755138753,102.18477266445842,199.03774829642904,140.45629326938064
125,"(2, 1, 2)",0.001873455767494849,58672.44396714725,29106.73221426631,43600739678.08148,134608223.47898966,215.08073673547875,136.39164617370278
126,"(2, 1, 2)",0.0025997918826585363,19184.23813351266,8839.630503989256,59434215071.915375,164544396.72784883,122.68201440917696,73.79627716938099
127,"(2, 1, 2)",0.00322900067862995,66461.85450589201,36442.86510366433,142.41841752804413,163694502.25757238,228.58104005380923,151.58844383585242
128,"(2, 1, 2)",0.0045178929573528375,7165.364886910926,3961.4958016090577,159525051813.9737,65985209261.24021,74.9754381593855,48.64608647914705
129,"(2, 1, 2)",0.005221322195828563,2516.4516928385196,1425.2641828573705,6086424674.1953945,2223876155.255589,45.680741172591055,29.720454123064425
130,"(2, 1, 2)",0.00824639272558975,4119.8781676406,2226.239343754418,255.01872860807384,345346768.8192116,58.25079595349715,37.63853006879345
131,"(2, 1, 2)",0.006274649122920731,4391.549080834265,2170.275006792999,211561375.40263784,116455420.06799902,59.02509692434591,39.99880477289458
132,"(2, 1, 2)",0.0077671387084370545,3808.470055308227,1907.291403591612,172002417.07509226,6730333897.537851,54.67552026221645,36.88968651444447
133,"(2, 1, 2)",0.0037606510475226037,16862.570182452695,7919.219606456703,199020842.184262,150.49423778855865,117.12096439238779,76.24353526356701
134,"(2, 1, 2)",0.005410656517773248,18473.966460811218,9705.44439939501,195.60233946088502,160787571.86319962,119.62913120372336,83.68941862971367
135,"(2, 1, 2)",0.0015620260874119193,71934.20799695286,30243.51114612334,146592700.45306692,78942959.19655415,240.86612351428542,145.8866568769238
136,"(2, 1, 2)",0.005426409430855268,76376.55192899509,36364.60582693925,81943482012.66792,40721576369.54813,236.516504436287,167.68960588602997
137,"(2, 1, 2)",0.004083432277714855,90040.04747926122,35981.657679297816,3317.898815823585,124.4688853174544,265.73097908721616,164.56641099456462
138,"(2, 1, 2)",0.0038468954686278214,13052.327186401817,7097.180952205327,133.92848866450535,77.87030203015817,100.8318876983057,68.36092565065317
139,"(2, 1, 2)",0.0035100670329203205,29355.940393465076,13825.222967362579,126147397860.21059,55790562529.37808,153.76074416514658,100.92040778896717
140,"(2, 1, 2)",0.0022078000686112775,49626.02516696224,21271.17343887041,381.4292247374574,163.64503246371743,201.56185865523622,122.06316717911683
141,"(2, 1, 2)",0.0017451855554416421,70395.20241510763,37166.39468196034,211.7075066246422,98.42304028380543,232.89845347719103,153.7377227631349
142,"(2, 1, 2)",0.0035876447388046196,113309.05233158525,49672.82236316643,311.3604255159356,137.84762423970884,305.05413342882804,177.33623393879688
143,"(2, 1, 2)",0.0023860604013732577,16381.842829813011,7669.98795610702,104.4258433632379,63.32540186169698,112.83771486525994,76.83851551986461
144,"(2, 1, 2)",0.0004650668271538061,16749.912161482385,6963.391650744268,861578536.4877269,676464496.3169229,114.20079882899329,69.57159847122662
145,"(2, 1, 2)",0.003362649635727132,3524.7320665643497,2032.1971548379452,554570271.7670884,125052704.35685875,52.8133432190399,37.50442443330856
146,"(2, 1, 2)",0.0025474597305919907,78611.9452082397,43380.262882541894,122.87282350900479,153498165.08339497,246.59124961000734,167.22399248477365
147,"(2, 1, 2)",0.00423007931389172,17285.5383360244,9782.5487550421,204.35071658686553,106.54953164017526,116.11211251016677,81.2712953695578
148,"(2, 1, 2)",0.001336427020194257,32862.15848941723,16351.295865752762,854574462.3642128,441011688.14651805,158.40705684682118,106.35439966564574
149,"(2, 1, 2)",0.00046384462992728035,37103.03075766688,17348.63910056807,303.26412845718613,138.88460713130658,168.7873918973388,109.43627785903047
150,"(2, 1, 2)",0.00045309856290310236,37676.70218991097,15653.808178677196,855471131.4412488,662743293.8317636,171.27059418523476,104.30003701770086
151,"(2, 1, 2)",0.003960874559768529,33960.05229326913,19397.374926006723,203.94173089527908,108.97348305115582,162.909072953097,112.92624118049498
152,"(2, 1, 2)",0.0025260233555165217,23056.510509678643,12888.183612274488,134.83857012177572,77.26562362499908,132.51290651882513,95.55696047670864
153,"(2, 1, 2)",0.00046044383255699643,104639.50045811242,43499.5931802217,860711425.4493356,666302870.3345919,285.4200641099204,173.89418015716402
154,"(2, 1, 2)",0.0022938670850155634,52732.01953734081,30334.427928017507,165.89238159116354,37490684.82493989,198.0659512426095,141.41597433956585
155,"(2, 1, 2)",0.002775376355296805,4289.751632955021,2796.055057153849,103.10270638236878,72.49593604193633,57.33319297343174,44.1160848800712
156,"(2, 1, 2)",0.0037210683932799122,7497.41854495362,3710.777296322887,175.97653012464463,78.95071364842092,77.16268830598506,50.77328516556007
157,"(2, 1, 2)",0.004739106722033293,8795.440880641336,4670.595396880397,160446868.72253597,333203743.1872462,83.9275720754161,54.77035766559795
158,"(2, 1, 2)",0.0023760775668666074,12906.50883691479,8018.35234330867,193.57807431738843,132357732.15230608,101.14040637615643,71.86868315483174
159,"(2, 1, 2)",0.002137889308376832,50315.7074499719,27176.211553828176,243.1133162721375,129.59174549583844,198.7287649284672,139.58405956835392
160,"(2, 1, 2)",0.0019038899073742762,39761.46091595168,17067.374849370317,141819898.70104486,90.28589625510328,173.8409977332239,116.33346633600848
161,"(2, 1, 2)",0.002286299150182637,26285.58778884596,16835.51661497773,218.45424517665992,116.824156985294,149.13893750709587,100.30265953971953
162,"(2, 1, 2)",0.0020103464767839197,53223.018596570975,27120.435612999772,256.1437532901544,148.63030507261817,202.61039828232128,135.91960939884288
163,"(2, 1, 2)",0.002466395044718186,50282.36763297696,26444.666715378717,301.3193471377631,164.95949059922307,204.4342169883728,128.42731159013604
164,"(2, 1, 2)",0.0022414590614709437,82015.03945287145,44767.14314744086,1896597499.5864763,2137537168.1855369,251.1759562766941,182.04022609845106
165,"(2, 1, 2)",0.003525007805928529,18458.84516413722,11083.330673557071,305.59573533920883,132.81974029055846,121.94391253052713,85.10525094376275
166,"(2, 1, 2)",0.0016751257036660611,17023.51397012119,8767.444866208854,110.8099263184395,65.97095660927079,113.82854238989269,74.54621173650041
167,"(2, 1, 2)",0.003827992213118675,20262.956950710748,14333.043135280988,171.41518532920966,96.21995764681385,129.44067162485496,92.44388090830844
168,"(2, 1, 2)",0.0029506454474737603,35708.953284342104,15834.459778107574,209.98832271292179,92658620.02340698,164.99408964904907,110.007288601091
169,"(2, 1, 2)",0.00045926808441063563,66952.07353887429,27858.430473717395,1977082467.9372497,1363327155.8185673,228.35368176785786,139.1754928758388
170,"(2, 1, 2)",0.00045926808441063563,66952.07353887429,27858.430473717395,1977082467.9372497,1363327155.8185673,228.35368176785786,139.1754928758388
171,"(2, 1, 2)",0.003574207638866638,23701.33908561327,13900.650834811284,202.4023539784971,116.57741397907645,141.511759255687,92.14211666042597
172,"(2, 1, 2)",0.0004650668271538061,16749.912161482385,6963.391650744268,861578536.4877269,676464496.3169229,114.20079882899329,69.57159847122662
173,"(2, 1, 2)",0.0044451354581411615,76696.31854818849,46836.083232073,56827480.861214094,98.11858114047335,243.84258246791447,174.2057089750519
174,"(2, 1, 2)",0.0015349511442633542,37654.89283125238,24466.178475475233,146.70841425541232,83.81985614350025,173.26071265367642,123.1981114627453
175,"(2, 1, 2)",0.002262498786928991,60506.9905791132,27293.55309344597,463.95556613094027,188117549.4152939,217.58075363191313,142.91116740618418
176,"(2, 1, 2)",0.0004716916787196692,97866.51706255531,39285.07820682315,551.3505712244738,238.03511866712702,275.7724521588755,163.565193723869
177,"(2, 1, 2)",0.00045926808441063563,66952.07353887429,27858.430473717395,1977082467.9372497,1363327155.8185673,228.35368176785786,139.1754928758388
178,"(2, 1, 2)",0.0006989552267623885,69757.8611693468,27050.89840976845,592.9620688955979,231.36925597870209,234.2995599849034,135.53446384918928
179,"(2, 1, 2)",0.00045926808441063563,66952.07353887429,27858.430473717395,1977082467.9372497,1363327155.8185673,228.35368176785786,139.1754928758388
180,"(2, 1, 2)",0.0004650668271538061,16749.912161482385,6963.391650744268,861578536.4877269,676464496.3169229,114.20079882899329,69.57159847122662
181,"(2, 1, 2)",0.0004650668271538061,16749.912161482385,6963.391650744268,861578536.4877269,676464496.3169229,114.20079882899329,69.57159847122662
182,"(2, 1, 2)",0.0034858304070947877,7713.893170140076,4092.4697465524537,98.37375975175455,54.16079691246855,79.60230176135778,50.1378090190041
183,"(2, 1, 2)",0.0004650668271538061,16749.912161482385,6963.391650744268,861578536.4877269,676464496.3169229,114.20079882899329,69.57159847122662
184,"(2, 1, 2)",0.0012571933799875954,13171.035859650905,5714.489258137364,767181497.2511584,60.033125601530934,101.02639058569548,64.4086711562481
185,"(2, 1, 2)",0.0015963281256117868,14487.686326188248,7152.343337753117,173.83562390208982,87.39998511798035,106.78634488493834,70.54729172882004
186,"(2, 1, 2)",0.004595517708745095,9008.070235436922,6106.92217031574,289.1358316771675,156.87176084792148,81.9648474637686,62.8682105360752
187,"(2, 1, 2)",0.0028228235540152763,22205.229240314075,13114.293416907722,431.94027915347573,195.8942921522828,130.87114930706838,92.52352322221104
188,"(2, 1, 2)",0.005991715133576392,18892.005558988803,9541.5380485153,160017252.2861728,116.93724659330123,120.43758451888013,81.15089770594285
189,"(2, 1, 2)",0.0004650668271538061,16749.912161482385,6963.391650744268,861578536.4877269,676464496.3169229,114.20079882899329,69.57159847122662
190,"(2, 1, 2)",0.0020913798654627843,7264.69144654114,5048.063853449499,146.65480462275727,364123640.1374169,75.13830604888534,56.86468867496665
191,"(2, 1, 2)",0.0004650668271538061,16749.912161482385,6963.391650744268,861578536.4877269,676464496.3169229,114.20079882899329,69.57159847122662
192,"(2, 1, 2)",0.0004650668271538061,16749.912161482385,6963.391650744268,861578536.4877269,676464496.3169229,114.20079882899329,69.57159847122662
193,"(2, 1, 2)",0.0004650668271538061,16749.912161482385,6963.391650744268,861578536.4877269,676464496.3169229,114.20079882899329,69.57159847122662
194,"(2, 1, 2)",0.0004650668271538061,16749.912161482385,6963.391650744268,861578536.4877269,676464496.3169229,114.20079882899329,69.57159847122662
195,"(2, 1, 2)",0.0004650668271538061,16749.912161482385,6963.391650744268,861578536.4877269,676464496.3169229,114.20079882899329,69.57159847122662
196,"(2, 1, 2)",0.0013936962756152214,7197.887054443721,3105.233602681733,744.0151525747003,131689279.03828683,75.84022146510266,47.97173129696808
197,"(2, 1, 2)",0.0004650668271538061,16749.912161482385,6963.391650744268,861578536.4877269,676464496.3169229,114.20079882899329,69.57159847122662
198,"(2, 1, 2)",0.0004650668271538061,16749.912161482385,6963.391650744268,861578536.4877269,676464496.3169229,114.20079882899329,69.57159847122662
199,"(2, 1, 2)",0.0004650668271538061,16749.912161482385,6963.391650744268,861578536.4877269,676464496.3169229,114.20079882899329,69.57159847122662
200,"(2, 1, 2)",0.0004650668271538061,16749.912161482385,6963.391650744268,861578536.4877269,676464496.3169229,114.20079882899329,69.57159847122662
201,"(2, 1, 2)",0.00368211825006951,96044.22936796612,56357.665527296755,66696728367.69308,5826027633.216774,279.26782963542286,185.54863775947229
202,"(2, 1, 2)",0.01094563998077613,67838.73297920241,42376.78301932174,40159909527.71692,19057484911.261948,223.829237294415,167.90015415668114
203,"(2, 1, 2)",0.0026790382159260938,152302.65110884645,99540.42492140009,266830623.92295194,3026223687.891514,340.5863013835741,260.3507459010846
204,"(2, 1, 2)",0.003624792738496346,50492.391012933214,31646.94286605421,175245276.45643097,164162644.0133563,198.12875798344967,140.89331113943416
205,"(2, 1, 2)",0.0034440318408867758,12302.265125724824,5987.018925992919,101967455854.67534,133256984.8779418,99.30196527446195,62.34956066001251
206,"(2, 1, 2)",0.00602396991059753,14935.750639572012,8156.25615697737,236.04268454179822,130.80912752875267,106.27622396203307,73.20862127769891
207,"(2, 1, 2)",0.0018874322505275036,82531.8906119759,42450.139523402635,182.0100754027328,101.22278628428407,256.2199466012373,170.20708543696722
208,"(2, 1, 2)",0.003932589330847274,202035.52073064144,90557.04682408342,60632556694.90564,28035050617.393726,399.44820564487713,262.3696983168164
209,"(2, 1, 2)",0.004062997269663313,135496.03726298895,78227.99926334269,165.29955326263104,228498610.54737386,332.7964619021536,219.81705705186184
210,"(2, 1, 2)",0.002278263971885328,57893.73455641149,36053.647618575065,161862143.6359988,160.99527955477356,213.53426946445964,155.46150307789682
211,"(2, 1, 2)",0.002743291316412684,33705.08082021488,23143.551310747458,266.95828702484795,135.15787010275193,159.1290041821678,122.63943474473825
212,"(2, 1, 2)",0.002253467041399645,12622.738404914908,6087.467582533555,275.6741762673731,123.10866939890897,96.71337224029784,65.93621161599121
213,"(2, 1, 2)",0.0032131062325054596,166188.30123755726,72173.47578864067,433.7113678948337,309954384.8841121,363.08861923035454,230.2221769783126
214,"(2, 1, 2)",0.001301598665072852,63427.43430463507,43785.10696561989,1428391555.08841,175542159.50093013,215.60190901649446,160.37890093939737
215,"(2, 1, 2)",0.0010653450266044128,84827.43837401015,54453.675297896836,181177486.109476,344.45181835347273,254.80860808301605,184.43764438624893
216,"(2, 1, 2)",0.0014569074257133013,82383.66689703982,60041.800568496335,224143976.66312835,40232817.14615723,247.81551682894582,192.21893247698074
217,"(2, 1, 2)",0.0011219817613303668,77350.51275431296,53625.029882837756,260674387.70734304,60494963.90774002,238.5890745767025,181.58816501883956
218,"(2, 1, 2)",0.001486942648769288,77042.05003367556,55450.80223428647,1019.3477771135406,309.18766608409084,239.87450896557084,185.33373627533942
219,"(2, 1, 2)",0.0011337993848711864,76269.0170440799,52714.42852019593,330468631.52928585,280.9074969224346,237.0481889512971,180.93280390135183
220,"(2, 1, 2)",0.002033430505754199,86859.3495209008,54346.62061576878,372.61586401012966,175.09285247532858,265.12803032928184,183.93344402267647
221,"(2, 1, 2)",0.0030091380645238695,45195.21321351628,25999.445139369473,382.7519789588257,164.6488955714356,189.6318282927366,130.20765114078185
222,"(2, 1, 2)",0.0051043135714612204,22375.385238011368,16150.87622289332,162.94971217384392,102.43894421784697,133.75584734026233,96.83974131994572
223,"(2, 1, 2)",0.005761127080815204,34072.618882099705,17511.835170362614,278276721.570391,99.12360776648103,159.0857036942531,115.5562133697255
224,"(2, 1, 2)",0.002466107500338417,11153.716313759252,6508.54080531641,207150566.66429245,165.11645311782402,94.17301683052696,63.29187774808433
225,"(2, 1, 2)",0.003781238855420068,11496.580524037663,6057.634516830454,533.518077544078,859982958.9605687,95.25148871202268,64.9240889619857
226,"(2, 1, 2)",0.0027242724406909115,13235.615864171621,6252.444299102941,116933085019.99236,47865669615.80507,99.07241280329578,62.60074902154237
227,"(2, 1, 2)",0.002893858536687737,8303.509304849547,7643.393501420318,153.63855486396832,110.77117582918952,75.57978026983001,64.1811680204953
228,"(2, 1, 2)",0.0013150190493030312,10323.030758166562,4507.487774769128,410.199872899077,176.0669963719953,90.26215736329401,56.335931792136115
229,"(2, 1, 2)",0.002713543908578853,9804.628590692148,3188.894171887812,23304509436.45196,48.45184153564749,87.35089124575578,45.841076528901716
230,"(2, 1, 2)",0.002903061735050431,21017.934212611184,11213.823607615659,3430176527.885765,891977251.2052519,132.19726117842126,83.26119173134157
231,"(2, 1, 2)",0.002475999165409411,30409.468672394876,13692.20050085153,620562828.031492,121989946.2159588,153.8652774536913,97.16119070309558
232,"(2, 1, 2)",0.0013870141535165283,20386.902730138736,8630.265329714664,235442704.97433832,208002676.86717245,122.30765052556372,79.06156584051641
233,"(2, 1, 2)",0.0026584958562998924,35465.33501997712,18364.743320984995,353.82510901500444,174.03558282300244,171.850220792942,106.24016618910231
234,"(2, 1, 2)",0.002270128420322999,98466.56813390249,54241.72247517952,226.0999861142472,130.46830359182678,273.3165418084125,186.13654699354942
235,"(2, 1, 2)",0.002386845019561774,43485.31282761744,27029.672698477654,122523343.8672954,132.97594785315286,186.75919199797306,130.4463476698859
236,"(2, 1, 2)",0.0023560537764981317,50627.22624002452,28895.79631526603,221.92426936319225,122.39436417123044,198.03979843636887,133.65509090141043
237,"(2, 1, 2)",0.002358365291079226,30599.732727519226,17735.93148513781,303.57050609439494,157.74700807239384,156.58245935310285,106.78095153485468
238,"(2, 1, 2)",0.0016724142666462564,53182.0444382735,30735.537306596478,163555148.7037028,149429125.29290432,202.03665430701412,143.40091390713602
239,"(2, 1, 2)",0.0022466072143737903,72374.4274879698,39505.89816318055,1210747899.8607044,223816634.30195266,237.0690659827196,164.22837899228767
240,"(2, 1, 2)",0.0028586772442062923,53850.607701141234,27644.059390091956,278.7747408266872,142.39277222550808,207.85724521282617,129.96392638798642
241,"(2, 1, 2)",0.002146413264426319,67068.76657729188,37659.46995433113,346.6568789193071,143.40793730485527,233.46165488482643,154.04620124940715
242,"(2, 1, 2)",0.0044721083714992635,26174.535087289707,13688.41388700663,105249690971.87672,46230409026.6088,142.62626303934917,93.21142140091715
243,"(2, 1, 2)",0.0032173454614834616,23759.772162598063,11901.784180403778,197.9320643872561,100.97995606826716,136.98220487902927,91.31500383526546
244,"(2, 1, 2)",0.0029277848970565407,14705.910612365464,7847.187569467123,184.9680698809955,142014478.73713604,107.724443124798,71.78853409543805
245,"(2, 1, 2)",0.0019744878928083993,60700.463993952566,38027.45314243838,173.03824571395242,96.50703423233296,225.80364166671407,150.12288382439036
246,"(2, 1, 2)",0.004465469470979503,32108.458675549453,15774.093957143261,474.0505207616125,176.95814645393008,162.69523277911938,97.95302435196469
247,"(2, 1, 2)",0.0035636540110571407,36935.99820087943,18077.00424809893,144460429313.37537,55556577409.01884,172.84070835946457,113.50644600788435
248,"(2, 1, 2)",0.0035774505823817143,6787.461830003936,3695.5700605432226,96822879.26497574,240127416.30683696,75.0313677017953,47.55953992527856
249,"(2, 1, 2)",0.002780923929628169,9786.34021017552,2908.1498732547425,23032935744.67488,50.76644988118818,88.4922477534101,45.548728602050296
250,"(2, 1, 2)",0.0027611485470305994,80840.67855471748,44320.902887538185,235.72664061847303,138.41167714597165,249.7158018460452,163.9247503476823
251,"(2, 1, 2)",0.004339563420536216,23475.402662962042,15688.169374924297,86.80022783633108,55.95501530112242,132.08883497336757,99.74231409903707
252,"(2, 1, 2)",0.0033101359447220056,59186.973423127536,31379.741202194182,161.2834949894905,102.40152432671572,209.35375276948884,140.63821007310565
253,"(2, 1, 2)",0.0024435701360248385,98429.40802728449,54748.40241165167,205.0275935365409,118.57473898195978,273.4473847411667,184.51650788494166
254,"(2, 1, 2)",0.00451387244229888,45402.802564277394,20700.241505219627,348.25338199982,151.7555418561324,191.26857554975282,118.71005168602815
255,"(2, 1, 2)",0.004468587940525981,39923.53631216812,19256.03853654412,268.30051576718813,77042539.12626529,168.87967433405203,118.78822977791879
256,"(2, 1, 2)",0.0017809135698524789,47672.19749729907,28034.721065958038,250.67285067016854,136.46158562595753,197.9726368948996,130.0041443297868
257,"(2, 1, 2)",0.005587534424369784,8681.63889338602,4217.667982938951,499.444226930534,96577987.92906082,82.70003646696271,55.62788794565211
258,"(2, 1, 2)",0.0026213390580332873,7626.873939219972,4244.139209387252,126.53608555620619,66.53301099088402,79.57499026273292,51.86806321329972
259,"(2, 1, 2)",0.0026666828321867233,40600.35659576633,25672.336427958388,309.8104789343099,178.6922491434812,175.91454866128313,126.30527958315619
260,"(2, 1, 2)",0.001688441599777901,83430.94706908456,50465.13483746185,300.9446791795819,150.36183946504838,258.0331020176763,171.8916258294916
261,"(2, 1, 2)",0.00045926808441063563,66952.07353887429,27858.430473717395,1977082467.9372497,1363327155.8185673,228.35368176785786,139.1754928758388
262,"(2, 1, 2)",0.0018756178997739658,92397.62110671164,45142.97465206692,373.6447300655283,161.43557950776045,269.5501899846004,183.9572639596548
263,"(2, 1, 2)",0.0080964787019786,36620.121221784735,22099.968672208473,187.22136073034306,132.99445320769237,163.75762406520658,124.32883225579964
264,"(2, 1, 2)",0.0018221899322792502,31744.267772157527,17529.702549036396,402.1063518433487,199.9332084883652,161.67950933597584,101.25701994659323
265,"(2, 1, 2)",0.003294186200959376,67905.03302088655,36241.32742293319,179537483.9140635,128375030.13829291,237.80810499148248,149.92720064663274
266,"(2, 1, 2)",0.0038222850842200558,3280.296520605444,1244.1507028026406,114249331544.8419,42754868488.67845,50.6993629443756,28.814826117909
267,"(2, 1, 2)",0.0026830388739827716,69035.28019792908,31422.270583191304,326.24932832550655,149.0021904565451,234.75234629665928,153.67764447701845
268,"(2, 1, 2)",0.00843458683457241,41843.564691345906,22321.986907750965,239.91940644857107,124.45304237982984,179.51913271674047,122.51890355202816
269,"(2, 1, 2)",0.00293619054396848,25105.231183062075,11980.750603681692,282.75081344078217,77040902.13939978,139.6615420634404,95.44721806709808
270,"(2, 1, 2)",0.004538846003791114,76513.17031339492,34546.57927998199,282.24325984044714,80309035.28734745,241.62803159577092,159.41088698872557
271,"(2, 1, 2)",0.007304042959368431,81349.21764230226,43891.865088735154,149.58396297645325,91.20995259201416,253.61441807730193,167.42349552518738
272,"(2, 1, 2)",0.0037972178071115324,104252.78099157626,46876.86323569904,4278.056313327454,119.83191881166617,281.4772259587335,174.79607474904563
273,"(2, 1, 2)",0.007888635080783272,5515.972502171311,2855.7071910648206,160660848.83573264,146.65587297436116,66.28668794985877,44.05114084171055
274,"(2, 1, 2)",0.0039470748661160696,2477.6388820321235,2799.934399057047,357640135.928967,78042186.16892315,40.07728109585497,39.96953289827401
275,"(2, 1, 2)",0.004235863411001875,8017.591306185787,3793.092752629802,297845788.98218995,187138887.21256813,80.01971230414853,52.607726198107756
276,"(2, 1, 2)",0.0020020114765851747,8611.518509113454,5406.446217170517,286676445.7794172,44514137.850080594,83.54084722020188,54.54081065578235
277,"(2, 1, 2)",0.0017586257487686822,30340.33481300614,19759.521328210656,44104501024.60611,54.31905096095429,150.8431901204473,108.71178023566986
278,"(2, 1, 2)",0.006877923470717717,24638.41187421457,12919.7571167018,397134714.9311928,176624378.46128243,139.5041048000667,92.46116631922803
279,"(2, 1, 2)",0.0031106893004865036,36047.28286937687,16410.343521454066,382.7462587721526,150.22301100837097,172.6278085152722,103.97103546735536
280,"(2, 1, 2)",0.0024523791343057802,19287.010847972193,9412.972123240956,483.01355121428674,78179848.84636512,126.53956355328653,77.70613554649861
281,"(2, 1, 2)",0.0032766153024144503,64383.60080500997,29982.813720809692,111275233291.91191,35182080525.343414,226.5067675695695,148.80073396960316
282,"(2, 1, 2)",0.002129646006775219,27063.173870666855,13538.893738789387,357887640.8312336,163.4461973814689,145.8999193456092,100.35967579252221
283,"(2, 1, 2)",0.0030157849089095107,75255.16249049237,33344.11457716039,95574778330.28352,26991953669.549965,244.92045106156263,159.97304001396012
284,"(2, 1, 2)",0.0020633049243080756,59723.741585934564,35592.55497847552,223.6641172037655,113.8305015258074,222.3181029400863,143.49241007494064
285,"(2, 1, 2)",0.0028330850370609792,65453.58159214705,49520.65776521823,259.10760839928645,20322053864.330692,236.85130522345776,179.54089961740578
286,"(2, 1, 2)",0.002552072079130323,38300.15033902487,22280.149200593438,308.349346663566,143.71556288488105,175.84241255168163,119.52457595477459
287,"(2, 1, 2)",0.00301587361683381,99197.16102672374,46297.69309813186,84670851271.56677,25256715276.044586,277.6150410817045,187.38846204935564
288,"(2, 1, 2)",0.0033619884375526115,83212.2625930297,36500.12380733951,83481021210.54982,26857180412.065594,257.96701819217947,167.14510427961335
289,"(2, 1, 2)",0.006798835557105184,18080.78021249687,10352.361779416837,1518915949.6751058,398167652.10388184,120.5305067802571,83.834884129213
290,"(2, 1, 2)",0.00593499969372831,27458.48557025478,14638.471710137903,503190619.47480357,58563612.15585905,145.70981425067532,102.12440044417397
291,"(2, 1, 2)",0.0023494815546707586,80115.6802344889,42558.00876997823,197.8074724667027,144006477.70512223,249.70265065961826,170.48166219489607
292,"(2, 1, 2)",0.0027417661142116662,38469.26100658408,22429.0372162529,190.27397855029014,101.8457284803504,171.89250059182865,119.87449883736357
293,"(2, 1, 2)",0.003323519283194691,49689.477173082225,23831.48807636435,310.78133903449645,175.05239279282648,197.87391859514338,134.21875105156323
294,"(2, 1, 2)",0.004154708680619448,39608.92278855948,23502.354910139005,267.0969008203564,137.62342837803524,173.59836358951995,127.72835632151727
295,"(2, 1, 2)",0.0006575476142116814,64101.78025936589,30397.99566541631,824395466.1112798,924834374.6765342,221.48326423665304,144.84082661775346
296,"(2, 1, 2)",0.0025900484417444645,19156.13868789814,15078.329257201134,107.99832203457484,69.07424013551888,118.97548796845012,100.16930581005236
297,"(2, 1, 2)",0.0032799941745808047,192166.1184248671,87994.98398100263,48133190462.74679,22391323363.246902,382.97189202549015,264.1351603794034
298,"(2, 1, 2)",0.00386386739467425,116294.37033740278,72222.10951488419,190.96266671362122,106.4756213850313,314.52041546632773,215.9942609798704
299,"(2, 1, 2)",0.0011265680536512838,102227.84384837789,55891.958216000035,41588135405.19734,140.94139345411392,280.10326635017464,196.80620612465924
300,"(2, 1, 2)",0.002623071520092374,45817.7291725446,27374.315763168946,288.12463567391353,143.21615112208792,191.27432019340642,132.0443184840228
301,"(2, 1, 2)",0.00230369944125795,44325.13100322481,26682.748855374895,120723085.89622152,664339393.933459,190.25772252794104,128.49182426195057
302,"(2, 1, 2)",0.0026806701668437754,42506.67547808087,24361.395335802474,135631037.8155098,116.47529315272436,179.60692102642233,127.52047018611012
303,"(2, 1, 2)",0.0065623810856702035,69548.83232581722,36034.2280452868,55658024724.353325,26757901434.39305,219.9182371020037,164.7707540823422
304,"(2, 1, 2)",0.0025372745268927963,126468.80005496726,62850.35092103016,357.1923687714918,120199516.11103034,320.10006993656043,199.01224373561817
305,"(2, 1, 2)",0.0016791342318870299,45714.166031332104,20881.937604637787,384.0804055205602,185.4453268763743,188.52605508918737,124.71156697026066
306,"(2, 1, 2)",0.002699294615129235,22205.1534510441,11786.03239876156,269.4009881798661,144.82690448190235,131.21279081403134,87.3662999751904
All Sensors,All Orders,0.0030995736734945067,52112.973978021524,27492.871016849695,3850806728441.078,1552967967308.6785,187.6044255424969,125.57195640787768
